,followers,following,favorite_count,retweetcount
followers,1.0,0.11443439359367442,0.2960401556920268,0.2930714855094887
following,0.11443439359367442,1.0,0.06110787270296025,0.09495215243433636
favorite_count,0.2960401556920268,0.06110787270296025,1.0,0.8578761069615243
retweetcount,0.2930714855094887,0.09495215243433636,0.8578761069615243,1.0
