,followers,following,favorite_count,retweetcount
followers,1.0,0.1157776650384425,0.3007530002018265,0.2976110131614975
following,0.1157776650384425,1.0,0.061629679111516115,0.09634656546254555
favorite_count,0.3007530002018265,0.061629679111516115,1.0,0.8573158144987916
retweetcount,0.2976110131614975,0.09634656546254555,0.8573158144987916,1.0
