,count,mean,std,min,25%,50%,75%,max
followers,2756543.0,10404.559951228772,49870.52645429145,0.0,78.0,414.0,1976.0,423222.54000000097
following,2756543.0,1206.071262911555,2331.4020466264674,0.0,70.0,336.0,1207.0,15731.580000000075
favorite_count,2756543.0,3.774104739160608,13.801760479393415,0.0,0.0,0.0,2.0,108.0
retweetcount,2756543.0,0.8585311384585693,3.1704109367357267,0.0,0.0,0.0,0.0,24.0
